{
  "fields": [
    {
      "name": "major_claims_five_years",
      "title": "Number of claims for more than $1000 in the past 5 years.",
      "type": "select",
      "values": [
        "None",
        "1",
        "2",
        "More than 2"
      ]
    },
    {
      "name": "insurance_fraud_conviction",
      "title": "Has the applicant ever been convicted of insurance fraud?",
      "type": "select",
      "values": [
        "No",
        "Yes"
      ]
    }
  ],
  "documents": [
    {
      "displayName": "Policy Schedule",
      "fileName": "schedule.pdf",
      "templateName": "schedule.template.liquid"
    },
    {
      "displayName": "Regulatory Disclosure",
      "fileName": "regulatory_disclosure.pdf",
      "templateName": "regulatory_disclosure.template.liquid"
    }
  ],
  "defaultPaymentTerms": {
    "amount": 0,
    "unit": "day"
  },
  "paymentSchedules": [
    {
      "type": "total",
      "name": "upfront",
      "displayName": "Up Front"
    },
    {
      "type": "monthly",
      "name": "monthly",
      "displayName": "Monthly"
    }
  ],
  "lapse": {
    "gracePeriodDays": 30,
    "reinstatementPeriodDays": 90
  }
}